Event_ID,Date,Ticker_or_Topic,News_Snippet,Source_URL,Market_Session
M_24_49,2024-10-01,ISM_Mfg,ISM Manufacturing PMI 47.2 (Contracting). Employment component weak. Fed 'policy error' fears briefly resurfaced. (Signal: Recession Fear),https://www.ismworld.org/supply-management-news-and-reports/reports/ism-report-on-business/,T
C_24_30,2024-10-02,NKE,Nike Q1 Earnings beat estimates but Revenue missed. Withdrew full-year guidance ahead of CEO transition. Stock fell. (Signal: Leadership Uncertainty),https://investors.nike.com/investors/news-events-and-reports/,T
M_24_44,2024-10-04,Jobs_Sept,(Released Oct) Sept Jobs +254k (Huge Beat). Unemployment fell to 4.1%. Crushed recession fears. Yields surged as market priced out 50bps cuts. (Signal: Good Economy / Rates Up),https://www.bls.gov/news.release/archives/empsit_10042024.htm,T
M_24_46,2024-10-10,CPI_Sept,(Released Oct) Sept CPI 2.4% (Hotter than 2.3% exp). Core 3.3%. 'Last mile' of inflation proving difficult. (Signal: Inflation Surprise),https://www.bls.gov/news.release/archives/cpi_10102024.htm,T
C_24_20,2024-10-11,JPM,"JPMorgan Q3 Profit beat estimates. Net Interest Income surprised to the upside. Jamie Dimon warned of geopolitical risks, but consumer remains 'healthy'. (Signal: Strong Beat / Macro Caution)",https://www.jpmorganchase.com/ir/quarterly-earnings,T
C_24_11,2024-10-15,ASML,ASML leaked earnings early: Bookings €2.6B (Huge Miss vs €5.6B exp). Cut 2025 guidance citing 'slow recovery' in non-AI chips. Triggered a global semi sell-off. (Signal: Disaster Signal),https://www.cnbc.com/2024/10/15/asml-earnings-report-q3-2024.html,T
C_24_18,2024-10-15,UNH,UnitedHealth beat Q3 earnings. BUT lowered top end of full-year guidance due to higher medical costs and coding audits. Stock dropped. (Signal: Beat but Guide Down),https://www.unitedhealthgroup.com/investors/financial-reports-and-filings/earnings-releases.html,T
C_24_21,2024-10-15,GS,Goldman Sachs Q3 Profit surged 45% on strong investment banking fees. Trading revenue also beat. Signals a rebound in M&A activity. (Signal: Sector Rebound Signal),https://www.goldmansachs.com/investor-relations/financials/current/earnings-release-presentation/,T
C_24_22,2024-10-15,BAC,"Bank of America Q3 Earnings beat estimates. Trading revenue rose 12%. Investment banking fees rose 18%. Warren Buffett has been selling the stock, creating a 'Results vs Guru Action' conflict. (Signal: Beat vs Insider Selling)",https://investor.bankofamerica.com/quarterly-earnings,T
C_24_23,2024-10-16,ASML_Followup,"(Market Reaction) Following ASML's miss, Nvidia and AMD stocks fell 4-5% in sympathy, creating a 'Guilt by Association' buying opportunity as their fundamentals remained strong. (Signal: Sympathy Drop (Noise))",https://www.cnbc.com/2024/10/16/chip-stocks-fall-after-asml-cuts-guidance.html,T
C_24_28,2024-10-17,NFLX,"Netflix Q3 Earnings beat. Subscriber adds +5M (Beat). Margins expanded. Said they will stop reporting subscriber numbers in 2025, creating long-term opacity fears. (Signal: Beat but Future Opacity)",https://ir.netflix.net/financials/quarterly-earnings/default.aspx,T+1
R003,2025-10-21,US_MARKETS,Wall Street ends mixed as banks rally on upbeat earnings while tech stocks lag,https://www.reuters.com/world/china/wall-street-futures-dip-us-china-tensions-weigh-2025-10-14/,T
R012,2025-10-21,NFLX,"Netflix misses earnings expectations, citing a tax dispute despite strong revenue growth",https://apnews.com/article/d01068a2087446893a662a9a6d3680eb,T
C_24_14,2024-10-22,V,"Visa Q4 Revenue/EPS beat estimates. Payment volume +8%. HOWEVER, the company faces a massive DOJ antitrust lawsuit filed in Sept, creating a 'Results vs Regulation' conflict. (Signal: Earnings Good / Legal Bad)",https://investor.visa.com/news/news-details/2024/Visa-Inc.-Reports-Fiscal-Fourth-Quarter-2024-Results/default.aspx,T+1
R001,2025-10-22,US_MARKETS,Wall Street ends lower on mixed earnings as Netflix disappointment and trade tensions dampen sentiment,https://www.reuters.com/world/africa/wall-st-futures-struggle-netflix-results-put-investors-guard-2025-10-22/,T
R002,2025-10-22,NFLX,Netflix shares fall over 10% as revenue outlook disappoints despite strong content lineup,https://www.reuters.com/business/media-telecom/netflix-slumps-revenue-forecast-disappoints-lofty-investor-expectations-2025-10-22/,T
R013,2025-10-22,GLOBAL_MARKETS,Global markets slip as earnings optimism fades and gold prices weaken,https://www.reuters.com/world/china/global-markets-wrapup-1-2025-10-22/,T
R018,2025-10-22,GOLD_MARKET,Gold prices extend declines as investors assess earnings and inflation outlook,https://www.reuters.com/business/finance/global-markets-view-usa-2025-10-22/,T
R031,2025-10-22,US_MARKETS,U.S. stocks close mixed as earnings lift some sectors while others lag,https://www.reuters.com/business/wall-st-futures-pause-earnings-season-gains-momentum-2025-10-21/,T
C_24_02,2024-10-23,TSLA,"Tesla Q3 Revenue $25.18B (Missed estimates of $25.37B). BUT, EPS smashed expectations ($0.72 vs $0.58) and gross margins surged to 19.8%. Musk forecasted 20-30% volume growth for 2025. (Signal: Revenue Miss but Profit Boom)",https://ir.tesla.com/press-release/tesla-releases-third-quarter-2024-financial-results,T+1
C_24_34,2024-10-23,BA,Boeing Q3 reported $6B loss. Workers rejected contract offer (strike continued). CEO Ortberg outlined 'fundamental culture change' needed. (Signal: Crisis Mode),https://investors.boeing.com/investors/financial-reports/quarterly-results/default.aspx,T
R004,2025-10-23,US_MARKETS,U.S. stocks rise on mixed earnings and geopolitical news despite IBM shares falling,https://www.reuters.com/business/wall-street-futures-subdued-after-tesla-ibm-results-2025-10-23/,T
R026,2025-10-23,BANKINTER,"Bankinter trims net interest income outlook as lower rates bite, partially offset by fee growth",https://www.reuters.com/business/finance/bankinter-trims-guidance-2025-net-interest-income-outlook-2025-10-23/,T
C_24_17,2024-10-24,IBM,"IBM Q3 Revenue missed estimates ($14.9B vs $15.0B) due to consulting weakness. HOWEVER, AI book of business grew to $3B. Stock fell 6%. (Signal: Miss but AI Silver Lining)",https://www.ibm.com/investor/events/earnings-3q24,T+1
C_24_29,2024-10-24,UPS,UPS Q3 Revenue beat estimates for first time in 2 years. Profit rose. Signals freight recession might be bottoming. FedEx had missed earlier. (Signal: Turnaround Signal),https://investors.ups.com/news-events/press-releases/detail/2157/ups-releases-3q-2024-earnings,T
R022,2025-10-28,TEMENOS,"Temenos raises outlook after profit beat, but leadership uncertainty weighs on shares",https://www.reuters.com/business/temenos-raises-guidance-q3-profit-beats-market-expectations-2025-10-28/,T+1
C_24_06,2024-10-29,AMD,"AMD Q3 Revenue beat slightly. Data Center revenue doubled. HOWEVER, Q4 revenue guidance ($7.5B) was merely in-line, failing to meet the sky-high expectations for AI chip market share capture. (Signal: Beat but Guidance 'Boring')",https://ir.amd.com/news-events/press-releases/detail/1224/amd-reports-third-quarter-2024-financial-results,T+1
C_24_08,2024-10-29,GOOGL,Alphabet Q3 Revenue $88.3B (Beat). Cloud revenue soared 35% to $11.4B. Operating margins expanded. A strong validation of AI investment returns. (Signal: Strong Beat),https://abc.xyz/investor/earnings/2024/Q3_google_earnings/,T+1
C_24_04,2024-10-30,MSFT,"Microsoft Q1 Revenue $65.6B (Beat). Azure grew 33%. BUT, CFO warned that Azure growth would decelerate in Q2 due to supply constraints, overshadowing the beat. (Signal: Beat but Deceleration Warning)",https://www.microsoft.com/en-us/investor/earnings/fy-2025-q1/press-release-webcast,T+1
C_24_05,2024-10-30,META,"Meta Q3 Revenue $40.6B (Beat). BUT, Daily Active Users (DAU) missed slightly. Zuckerberg warned of 'significant capital expenditure growth' for AI in 2025, reigniting spending fears. (Signal: Beat but Capex Fear)",https://investor.fb.com/investor-news/press-release-details/2024/Meta-Reports-Third-Quarter-2024-Results/default.aspx,T+1
C_24_09,2024-10-30,SMCI,"Super Micro Computer auditor (EY) resigned, stating they could 'no longer rely on management's representations'. Stock plunged 33%. This contradicted previous management reassurances. (Signal: Governance Shock)",https://www.cnbc.com/2024/10/30/super-micro-auditor-resigns-shares-tank.html,T
M_24_41,2024-10-30,GDP,US Q3 GDP Advance Estimate +2.8% (Missed 3.0%). Consumer spending +3.7% (Strong). Core PCE inflation 2.2%. 'Soft Landing' narrative intact. (Signal: Missed Headline / Strong Guts),https://www.bea.gov/news/2024/gross-domestic-product-third-quarter-2024-advance-estimate,T
C_24_03,2024-10-31,AAPL,"Apple Q4 Revenue $94.9B (Beat). iPhone 16 sales grew. HOWEVER, Net Income slumped due to a one-time $10B EU tax charge. Service revenue growth missed expectations slightly. (Signal: Top Line Beat but Bottom Line Hit)",https://www.apple.com/newsroom/2024/10/apple-reports-fourth-quarter-results/,T+1
C_24_07,2024-10-31,AMZN,"Amazon Q3 Earnings crushed estimates. Operating Income $17.4B (vs $14.7B exp). AWS growth accelerated to 19%. This was a 'Clean Beat', contrasting with MSFT/META's spending warnings. (Signal: Clean Beat (Contrast Signal))",https://ir.aboutamazon.com/news-release/news-release-details/2024/Amazon.com-Announces-Third-Quarter-Results/,T+1
R005,2025-10-31,US_MARKETS,"Stocks rally ahead of a heavy earnings week, though concerns over Fed policy and AI valuations persist",https://www.reuters.com/business/wall-st-week-ahead-resilient-stocks-rally-faces-earnings-wave-after-ai-fed-2025-10-31/,T
M_24_36,2024-11-01,Jobs_Oct,US Oct Non-Farm Payrolls +12k (Huge Miss vs 100k+ exp). Unemployment 4.1%. BLS cited hurricanes and Boeing strike as distortions. Market ignored the miss. (Signal: Bad Data / Good Excuse),https://www.bls.gov/news.release/archives/empsit_11012024.htm,T
C_24_13,2024-11-04,PLTR,Palantir Q3 Revenue beat and raised full-year guidance. US Commercial revenue +54%. Cited 'insatiable' AI demand. Valuation concerns ignored by market. (Signal: Beat and Raise),https://investors.palantir.com/news-details/2024/Palantir-Reports-Revenue-Growth-of-30-Year-Over-Year-for-the-Third-Quarter,T+1
R023,2025-11-04,TRI,"Thomson Reuters reports higher revenue and reaffirms guidance, but shares lag the broader market",https://www.reuters.com/business/thomson-reuters-reports-higher-third-quarter-revenue-2025-11-04/,T
C_24_35,2024-11-05,INTC,"(Late Reaction) Intel ejected from Dow Jones Industrial Average, replaced by Nvidia. Marks symbolic end of an era. Stock sentiment hit all-time low. (Signal: Index Rebalancing Shock)",https://www.cnbc.com/2024/11/01/nvidia-to-replace-intel-in-dow-jones-industrial-average.html,T
M_24_42,2024-11-06,Election,"Donald Trump wins US Presidency. S&P 500 futures surged. 'Trump Trade' (Banks, Crypto, Small Caps) rallied. Renewables fell. (Signal: Political Shock (Bullish))",https://www.cnbc.com/2024/11/06/stock-market-today-live-updates.html,T
R006,2025-11-06,TECH_SECTOR,U.S. stocks close lower as technology shares sell off amid economic uncertainty,https://www.reuters.com/business/wall-st-futures-subdued-qualcomm-dips-focus-economic-data-2025-11-06/,T
C_24_19,2024-11-07,ABNB,"Airbnb Q3 Revenue beat slightly. BUT Q4 guidance was soft, warning of shorter booking windows and weaker US demand. (Signal: Beat but Soft Outlook)",https://investors.airbnb.com/financials/quarterly-results/default.aspx,T+1
M_24_40,2024-11-07,FOMC,Fed cuts rates by 25bps to 4.50-4.75%. Powell says election result has 'no effect' on near-term decisions. Language on inflation confidence slightly softened. (Signal: Dovish Cut),https://www.federalreserve.gov/newsevents/pressreleases/monetary20241107a.htm,T
R027,2025-11-07,DTG,Daimler Truck posts sharp profit drop but beats operating profit expectations and maintains guidance,https://www.reuters.com/business/daimler-truck-posts-40-drop-quarterly-profit-keeps-annual-forecasts-2025-11-07/,T+1
R014,2025-11-08,US_MARKETS,Wall Street ends higher as solid earnings offset weak jobs data and tariff uncertainty,https://www.reuters.com/business/sp-500-nasdaq-futures-slip-valuation-concerns-linger-2025-11-05/,T
C_24_12,2024-11-12,SHOP,"Shopify Q3 Revenue surged 26% (Beat). Operating income doubled. Management gave bullish holiday guidance, defying the 'weak consumer' narrative. (Signal: Macro-Defying Beat)",https://investors.shopify.com/news/news-details/2024/Shopify-Announces-Third-Quarter-2024-Financial-Results/default.aspx,T
C_24_24,2024-11-13,CSCO,Cisco Q1 Earnings beat. Revenue dropped 6% YoY but less than feared. AI orders exceeded $300M. Raised full-year guidance. (Signal: Less Bad than Feared),https://investor.cisco.com/events/event-details/2024/Q1-FY25-Cisco-Earnings-Conference-Call/default.aspx,T+1
M_24_38,2024-11-13,CPI_Oct,US Oct CPI 2.6% YoY (Met expectations). Core CPI 3.3%. Inflation progress stalled. Traders trimmed bets on aggressive 2025 cuts. (Signal: Sticky Inflation),https://www.bls.gov/news.release/archives/cpi_11132024.htm,T
R035,2025-11-13,ALLIANZ,"Allianz raises earnings guidance after strong performance, though timing of reports weighs on sentiment",https://www.reuters.com/business/allianz-ups-2025-guidance-after-strong-nine-month-performance-2025-11-13/,T
C_24_16,2024-11-14,DIS,"Disney Q4 Earnings beat. Streaming business profitable. BUT, Parks (Experiences) revenue declined 6% internationally. CFO warned of modest growth in 2025. (Signal: Streaming Good / Parks Bad)",https://thewaltdisneycompany.com/disney-earnings-q4-2024/,T
M_24_43,2024-11-14,PPI,US Oct PPI rose 0.2% (Met exp). But services inflation showed stickiness. Bond yields rose as market feared Fed might pause cuts. (Signal: Hidden Inflation Heat),https://www.bls.gov/news.release/ppi.nr0.htm,T
M_24_45,2024-11-15,Retail,US Oct Retail Sales +0.4% (Beat). Control group weaker. Suggests consumer is selective but not breaking. (Signal: Consumer Resilience),https://www.census.gov/retail/sales.html,T
R007,2025-11-17,US_LABOR,White House adviser says jobs data send mixed labor market signals despite solid output,https://www.reuters.com/business/white-house-adviser-hassett-says-there-have-been-mixed-signals-job-market-2025-11-17/,T
R020,2025-11-17,FED_POLICY,Federal Reserve policymakers split on how to interpret mixed labor market signals,https://www.reuters.com/business/us-job-growth-beats-expectations-september-unemployment-rate-rises-44-2025-11-20/,T
C_24_26,2024-11-19,WMT,Walmart Q3 Earnings beat. Raised full-year outlook. US comparable sales +5.3%. E-commerce +27%. Signals strong consumer spending despite inflation. (Signal: Strong Consumer Signal),https://stock.walmart.com/financials/quarterly-results/default.aspx,T
C_24_01,2024-11-20,NVDA,"Nvidia Q3 Revenue $35.1B (Beat estimates). Data Center grew 112%. HOWEVER, Q4 guidance of $37.5B, while beating consensus, missed the 'whisper numbers' ($38B+) of aggressive traders. Margins dipped slightly due to Blackwell ramp-up. (Signal: Beat but Guidance 'Disappointed')",https://nvidianews.nvidia.com/news/nvidia-announces-financial-results-for-third-quarter-fiscal-2025,T+1
C_24_27,2024-11-20,TGT,Target Q3 Earnings missed significantly (EPS $1.85 vs $2.30). Cut full-year guidance. Cited supply chain costs and weak discretionary spending. Stock crashed 20%. (Signal: Disaster (Contrast to Walmart)),https://corporate.target.com/investors/quarterly-earnings,T
R008,2025-11-20,US_JOBS,"U.S. job growth accelerates while unemployment rate rises, complicating the Fed outlook",https://www.reuters.com/business/us-job-growth-beats-expectations-september-unemployment-rate-rises-44-2025-11-20/,T
R015,2025-11-20,GLOBAL_MARKETS,Global stocks trade mixed as auto sector gains contrast with weaker tech earnings,https://www.reuters.com/world/china/global-markets-wrapup-1-pix-2025-11-20/,T
R032,2025-11-20,NVDA,Nvidia earnings beat expectations but mixed investor reaction fuels broader market unease,https://www.reuters.com/markets/us/nvidia-beat-may-yet-stir-fear-street-2025-11-20/,T+1
C_24_10,2024-11-26,DELL,Dell Q3 Revenue $24.4B (Missed estimates). AI server shipments were strong ($2.9B) BUT traditional PC business lagged significantly. Guidance was also light. (Signal: AI Growth but Legacy Drag),https://investors.delltechnologies.com/news-releases/news-release-details/dell-technologies-reports-third-quarter-fiscal-2025-financial,T+1
C_24_32,2024-11-26,CRWD,CrowdStrike Q3 Earnings beat. Raised guidance. Revenue +29%. Confirmed full recovery from July IT outage. Stock rose. (Signal: Recovery Confirmed),https://ir.crowdstrike.com/news-releases/news-release-details/crowdstrike-reports-third-quarter-fiscal-year-2025-financial,T+1
M_24_47,2024-11-26,FOMC_Mins,Fed Minutes from Nov meeting showed officials favored gradual cuts but were open to pausing if inflation stalled. 'Gradualism' emphasized. (Signal: Hawkish Tilt),https://www.federalreserve.gov/monetarypolicy/fomcminutes20241107.htm,T
M_24_50,2024-12-02,BlackFriday,Cyber Monday / Black Friday sales hit record $13.3B (+7%). Mobile shopping dominated. Adobe Analytics data confirmed consumer spending power. (Signal: Retail Strength),https://news.adobe.com/news/news-details/2024/Adobe-Cyber-Monday-Surges-to-13.3-Billion-in-Online-Spend/default.aspx,T
C_24_25,2024-12-04,CRM,Salesforce Q3 Earnings beat ($2.41 vs $2.26). Revenue beat. BUT Q4 revenue guidance was light. Agentforce AI platform is launching but monetization is early stage. (Signal: Beat but Slow Guide),https://investor.salesforce.com/financials/default.aspx,T+1
C_24_15,2024-12-05,LULU,Lululemon Q3 Earnings beat estimates. BUT revenue growth slowed to 9% (lowest in years) and Americas growth was flat. Guidance cautious. (Signal: Beat but Growth Stalling),https://corporate.lululemon.com/media/press-releases/2024/12-05-2024-210515152,T+1
M_24_37,2024-12-06,Jobs_Nov,US Nov Non-Farm Payrolls +227k (Beat). Unemployment 4.2%. Confirmed Oct was a fluke. Wages grew 4.0% YoY. (Signal: Strong Rebound),https://www.bls.gov/news.release/empsit.nr0.htm,T
C_24_31,2024-12-10,ORCL,Oracle Q2 Earnings missed revenue estimates slightly. Cloud growth +25% (strong but slowing). Stock fell 8% despite partnership announcements. (Signal: Cloud Slowdown Fear),https://investor.oracle.com/investor-news/default.aspx,T+1
R025,2025-12-10,FOMC_RATE,"Stocks rise after Fed cuts rates as expected, though Powell signals caution on future easing",https://www.reuters.com/business/view-divided-fed-cuts-rates-expected-sees-only-one-reduction-2026-2025-12-10/,T
M_24_39,2024-12-11,CPI_Nov,US Nov CPI 2.7% YoY. Core CPI 3.3%. Inflation remains stubborn. Fed expected to cut in Dec but signal 'skip' for Jan. (Signal: Inflation Plateau),https://www.bls.gov/news.release/cpi.nr0.htm,T
R033,2025-12-12,US_MARKETS_COMMENTARY,Commentary questions reliability of corporate earnings 'beats' amid data inconsistencies,https://www.reuters.com/markets/us/wall-street-beats-are-more-show-than-science-fridson-2025-12-12/,T
R024,2025-12-15,US_MARKETS,U.S. markets rotate as tech stocks fall sharply while easing yields lift other sectors,https://www.reuters.com/business/finance/global-markets-view-usa-2025-12-15/,T
R028,2025-12-15,IRON_ORE_MARKET,"China presses miners for better iron ore contracts, but supply expansion limits impact",https://www.reuters.com/world/china/inside-beijings-bid-tame-global-iron-ore-market-2025-12-28/,T+1
R037,2025-12-15,AI_ECONOMY,Businesses struggle to realize near-term gains from AI investments despite long-term optimism,https://www.reuters.com/business/business-leaders-agree-ai-is-future-they-just-wish-it-worked-right-now-2025-12-16/,T
R009,2025-12-16,US_JOBS,U.S. job growth rebounds in November but unemployment remains elevated after shutdown distortions,https://www.reuters.com/sustainability/sustainable-finance-reporting/us-job-growth-beats-expectations-november-unemployment-rate-46-2025-12-16/,T
R011,2025-12-16,US_UNEMPLOYMENT,"Unemployment reaches a four-year high despite continued job gains, highlighting labor market contradictions",https://www.ft.com/content/17a1674d-0e6b-4e9b-9c0d-82de5887be15,T
R030,2025-12-17,US_LABOR,"U.S. labor data shows slowing hiring and rising unemployment, complicating policy signals",https://www.reuters.com/markets/econ-world/move-over-r-star-puzzling-us-jobs-data-shines-light-u-star-2025-12-17/,T
M_24_48,2024-12-18,Fed_Speaker,(Hypothetical based on trend) Fed official Waller signals 'skip' for January meeting citing sticky CPI. Market odds for Jan cut drop. (Signal: Fed Speak / Guidance),https://www.federalreserve.gov/newsevents/speeches.htm,T
C_24_33,2024-12-19,MU,Micron Q1 Earnings beat. Forecasted strong Q2 revenue driven by AI memory (HBM) demand. Stock rose. (Signal: AI Memory Boom),https://investors.micron.com/events/event-details/micron-fq1-2025-earnings-call,T+1
R016,2025-12-24,US_MARKETS_OUTLOOK,"U.S. stocks seen driven by AI investment and earnings growth, though geopolitical risks remain",https://www.reuters.com/business/ai-spending-strong-corporate-profits-fed-rate-cuts-seen-key-2026-stock-market-2025-12-24/,T+1
R038,2025-12-29,GLOBAL_MARKETS_RECAP,Year-end review highlights tariff disruptions and mixed currency returns across markets,https://www.reuters.com/markets/us/global-markets-retrospective-roi-column-pix-graphics-2025-12-29/,T+1
Auto_11,2025-12-30,US Stock Market,U.S. Stocks Defy ‘Sell America’ Warnings and Are Ending 2025 Near Record Highs - The Wall Street Journal (The Wall Street Journal),https://news.google.com/rss/articles/CBMivgNBVV95cUxNYzJhaV9uVEhndGttcTJvYVdURmxiRDFzRTAwa1JUdWJxQXdweUlEWG9Ib0FoaThxcW41ald4ZmFvU3FhZldKZ2I3UENnSGpvRnNGUS1MZi01aWtYOGplUEk5a05Iald4eUdFaGNqVjlObHZLcnZqM1NOQmZuR3JuWG5PNHN5RmhPcUJIVlh1cUhCMFAtTmh0TXJOdTlqbzk1SVZZQkRLOW5Za2x1eGg0MW1uSGxFYWNIZ3I1Y1B0RUFlSF91R1V5cThTUlk3RVh1MTdOb2tNWExOenV4SVJudkZYNlI4d0FkT0tfM3hBN1o0dzVlWndZRE9HWEFzMU9XODlxUDNUTHdmekZLekEwdVl5b25RMjItdlBNbXlZVm9IZ2dKVWE0T2J2SjdkQlptazYzWlNaQWFpRnE0Y1ZNdUZGZU8tYmJwRkpHVlk2Z2p1QjZZUUR5WU5idW1DeUlGMDFRMktHRHhyT0dLaVk1RTh4R040SHdyNmVFS09vSEZxbGVGdmlvYS1HMmt0dGIwTG5Qd1JtWlNKYXpZU0E1bUlQdW9Rb0xKa3RfUVJkNGRpQlh0RHNPUF9MU0FpZw?oc=5&hl=en-US&gl=US&ceid=US:en,
Auto_14,2025-12-30,US Stock Market,S&P 500 posts third consecutive losing day as year-end approaches: Live updates - CNBC (CNBC),https://news.google.com/rss/articles/CBMid0FVX3lxTFBucm5qTEh0eEhiVVhMTHJxU2lEZmtYcVVxajVLTGk2SE9KUXc3ZmJpMjlBLWNTaUpQQ1c3QXRDN1I3VVdpUENSN00tMTd2Q1k1dV8yaEpMWmhIS3hDcThNNUlCdTVTbVNVZmFNT3NVcTM0cnA5SjFr0gF8QVVfeXFMTW85REc0cDQ0Wm4yeGs1ZUdCWVhPNGhvLWxaZmJHalpkdlZjQkJFZEZFY1VnQ0xMRUNEam5MUnNVNFdLRmJkOTEtNC1pbDQ4czhLWURIeGwyZDY4cXdncjNsa3hHd1doNXJ5aGI0UGNKczZmdkFqU1pLQ2FrRg?oc=5&hl=en-US&gl=US&ceid=US:en,
Auto_19,2025-12-30,US Stock Market,"'We're pretty upbeat': Stock market experts expect continued growth, bolstered by AI, in 2026 - CNBC (CNBC)",https://news.google.com/rss/articles/CBMiwgFBVV95cUxQS2g4U1JPWHVuRnAtQjd4dGtQUGROcjZjNkZlaVE3Vm41dDVWWUdVRDlhU2ZKbi11d2taVnFnc0tLM0VaN2sxTUJOZ2FzSXA5VVRjSHdEUzh0dkpFWDlXWlA0cUFBbEsxcGRTYldlQzNDZDFQbEdLZWFBbnlVOW15Q1FQcVREZmxOZGozZ2NfT0ZiOC1Kb1FHQ3JFa0VHUFFNX3o3WGRuYWp4akFPS01kYlRMQzdEZGhiaXJwX2Z4V3gyZ9IBxwFBVV95cUxNdWRtLVRsbmgzQzNMMlhlb2FQUjFXRkxsTVZmM2cxTkR1aXUtWmVjN3F5Q1FpQU5zVGJzUkk3dDlQanphc1V6M1UwSkd3bnNESi1VWldGQlpoVmJET3NVZWRIQnN3dlRfMlJKU21fNlZEaU0wN0M3Sjkza0ZGRTdRMzZUbkw3OEd3NENpc3hxbzNrVFRZVlVJMzhSdGVuYjRyUXFfNUpfbjliX3RyVm5PNjhXQk1qQ01NeTA3NXFGaF92V3llRGg0?oc=5&hl=en-US&gl=US&ceid=US:en,
Auto_22,2025-12-30,US Stock Market,"Stock Market News, Dec. 30, 2025: Dow, S&P 500 and Nasdaq close lower for three consecutive days, gold and silver continue rally - MarketWatch (MarketWatch)",https://news.google.com/rss/articles/CBMipANBVV95cUxPMHpTRGdVSV9ZM1dCRF9ndElyT3h6UUpwakVfWHB6UFhXem96MFUxdXowdm9WSXR3aEM4LXB2X2RHNmpMUEpqMTM3NXlvYzdrNUwzMTBHOGc5WkFaU1NxUEd1d3lMVlBFcF9Nc0ZkTkxrYjVYNHNhYWxNdXZnb3p5aUFyTE5LZnlhQl9xdU9IeW5WNXlhR2JZclp4N0tlcC0tUnFHdmJsZHpRN3NzWFlrcmhRRmloczRublpkNXdNWWJleG5kaTV2MDNQS3VrOTRVY0Jtc2dLRUZVOEJIZi1OYXBRYm04Mll0NGl6OTdDbVhSbEswQ3dKMnhiVnhIRHZuZEU4MmNzWEVrZHZoVGVKbERKbVNxTHc1Y2Vma3hGWG80MnRMdy1aUjYySnRjYVdmRkdkcHpDTk1KbjQ0aDVHdU5DU0pnLTVfeGpVSnEzZjFaRUxLTFBhNm1MekNSR0FjejF4WF9JYUlLenROWkJoWWF3OUpXZHRWa0ktQk9kYzBaZGZIODRtOUd2bmFiVk1JMmlfVjBlRml5TG5Dc3lqcDhXajY?oc=5&hl=en-US&gl=US&ceid=US:en,
Auto_25,2025-12-30,US Stock Market,"S&P 500, Nasdaq end slightly down in holiday-thin trade, Meta gains on deal - Reuters (Reuters)",https://news.google.com/rss/articles/CBMisAFBVV95cUxNelVKblQ5WHBIVjJRQk1odmVQMTd0amhaTEd2dW9aTWF2U21jZzNUcnFmNmE1Y1d2YzNlNW0teXRndkxUOWZlN1VCQ1VaN0ZLc29QTTZ5RDBTdzhIWmZUUkx4Qi1ZbEZWcW51YkxyNmtfTWFFWkZFMVprWEFIS3p1SEtBbzB1d3J6WmVBci01Vjh6aVFaX29KVWNRck02aTVtLWF6QnBPaDNHOWRzVlFMbg?oc=5&hl=en-US&gl=US&ceid=US:en,
Auto_31,2025-12-30,Federal Reserve,Federal Reserve minutes highlight deep fissures at US central bank - Financial Times (Financial Times),https://news.google.com/rss/articles/CBMicEFVX3lxTFBGc0ZUSEc4bGNzTjhfeTVpWjhVMEM5YjgteUxldVI1Nm1qZjVPRER4UUlXM2dwSFNIaF9Ua25HT1BqWGpoTDZLNFBKZUxhcnJPaXEyT2dLNldLNHlfRi1MZnRzTDZZNDk1REJjTEl5MUt20gF0QVVfeXFMTXk1b08wQ2V5bDJ6d1lzVkdJblB1ZEdlM0l3RWpQZHFpWEdPcjFudmZqRThHSEl5ZlF3aUo5V1I5SndnZlM1dnhnQmxXNVhYclg2VkF4a0M4NUVwXzV5RWY4Njh3RWhmSmJEMjRyQ0pEMWl5?oc=5&hl=en-US&gl=US&ceid=US:en,
Auto_40,2025-12-30,Federal Reserve,Fed Survey Sees About $220 Billion in Bill Buying Over 12 Months - Bloomberg.com (Bloomberg.com),https://news.google.com/rss/articles/CBMitAFBVV95cUxOaEo1ZEZoa3BxOFZKTm1ZLXhmeEh2OF9adVpRQmozUUFocTBRSnNISlBkc0lwNjc0anhVOWtVUEEydnJPSWt6NjhIWHZianZBY0FhYXMtN0RuVkwzZ2p2YllMY0VURVFmaW9qYkhVS2NOUzlKV3l3Z0Jyc2JhSDB3cUVGT3Z6M09TV0stYkkweTRtV3ItdW5ScHBMZU5xSzNzS0dEVGRReXJzX3F6UmRDanRpMHE?oc=5&hl=en-US&gl=US&ceid=US:en,
Auto_41,2025-12-30,Federal Reserve,Opinion: The Fed is protecting banks from market reality — damaging its independence and credibility - MarketWatch (MarketWatch),https://news.google.com/rss/articles/CBMiuwNBVV95cUxOb1dnR1VsQV9waFNmc09ZT1JtZFZnSkJ1V1FKbGhBdlNVa29zRlU4UmpLZ3RZRGZOWDhBZEY5eHBmUzFQbllnNk92WW9jUUtyOXhKelVsRWJrYUNidGd5MG11alhiMUVXWFhyUXI2VG5sMDBEYUNQbS11MGc3TDQ1TkxLT3RzeFhESHJpcVlRNXQzdTJBUzI1LTJDYjNtMWNTWmRYdmJGbDRwTUVwSXZMTlpUZDIxY1BZVldFaGdBSV9qeV95R3p1OHlHYWxtcFdrSy1fajk2bzR0M3dBLVNoV0p6XzlRX2hjSXQ4Z044dW05d0pranExS3RVZkdsLTZxWGtCQTBkanJtOHFyaDJLSTlyREpfUlhBczY4enpmNi1fd29kdmdHcll5VHRoRW5pTmJsekZNTVRRWDhfcERxaEIyOWRRWlNRVTNKaDA0WnJ0WkIzb2dYdHZUWkRUZS1hdGZVdnd3aThtQnhadUFwQ2N1MlJiNC1iR2QxNjZFQnJ3YlhIeDhmYlBNazhBVkwtR1N3LXhmRG9vUTdjXzhiemE1X0JXaXJ0c0tBbGJlZXp6M3ZDbE1BSThLbw?oc=5&hl=en-US&gl=US&ceid=US:en,
Auto_10,2025-12-31,US Stock Market,Wall Street ends year's final session lower but posts big annual gains for 2025 - Reuters (Reuters),https://news.google.com/rss/articles/CBMitAFBVV95cUxOSm1OdnJoUWEtSHN4SDRhMjlRRUxpTTZHSldCVFBwVktLbndEYUI2UWdZMFI3MjQ3SHZMOG9aVTRYYlphakt0VkpteWRiU0M0U3ZyNW90OFJvNzR0eE9Db1VJSW5MYUcxRlZFcl9fZ0xOTy1Pa0tmMkxfeExTdWlKWVN1Q2J4RS1WNnZZV0NnRUtFUHVBUjhHMjRTNkpUTnFyQnFrTW43YzlJczltOEtlQTJacF8?oc=5&hl=en-US&gl=US&ceid=US:en,
Auto_01,2025-12-31,NVIDIA NVDA,"Exclusive: Nvidia sounds out TSMC on new H200 chip order as China demand jumps, sources say - Reuters (Reuters)",https://news.google.com/rss/articles/CBMivgFBVV95cUxQc25BdFZxZkZrbWoxTlpwNFRvR3lPN0pPUl9LMmQ4VTVWQTN4Qks2cGdJUHVCbGhMRUpEbF8wcEdfczM2VWVzTU0zMU4wWGVxd2MwNWYtaXhoOW9uaG1fNjZWLUp2YUlvNk5FSTVjaTdodGF6ODFldVo5MDZ5MUg1NnE5b2lsRHBnZU9PTkR2clF0R1R5cHM1SHgxNE1qRC1STEp3aFQtaTV0SU5tNG1CUGJ2YVRTT29adWFSZDd3?oc=5&hl=en-US&gl=US&ceid=US:en,
Auto_07,2025-12-31,Apple AAPL,What Can Trigger An Apple Stock Rally In 2026? - Forbes (Forbes),https://news.google.com/rss/articles/CBMipwFBVV95cUxPa3VqYU5YS00xczgzeE9XcC05R2J0THBVcl93VkxTYWtKSmRWRHd4SFdjbmdkRTlmLVhtcHVJLTVDRFJZRWJ2MW5EalBUZ1I5UV9IN0NXX3RFSXYwei1aUldQNHhHalpEWUxzQmhhVWRZVWEzekk2VlhzcURKYVJUbEhEWnFWWVdjN3ZkSThMZGJjOTQtSm1DRno5UXY4YjkzbHk0Sk02cw?oc=5&hl=en-US&gl=US&ceid=US:en,
Auto_08,2025-12-31,US Stock Market,"S&P 500 closes lower Wednesday, but wraps 2025 with a 16% gain: Live updates - CNBC (CNBC)",https://news.google.com/rss/articles/CBMid0FVX3lxTFBqM1lzOXRpZDQ5czlsVDl5QjB2bXN2SmlDZ0xnSnZiQTkwQjh1NG5HdU13bjRyMDNYem42aWdNd2Z3bzJjcDhkMUh1blZtYm9jTEFZLUNXRXQtZFl1TWl5clAxYVQ3cVFOUW1Vd0daTXUxQUxpTEFJ0gF8QVVfeXFMT0pIaUNtN1B4cEZUZWJtelZiMjZZcEhTRGdjckM2b05XMnBCejJZSFdJOE9wUUJuYzR4U1FFdXFsU1Z6ZGZ0dVhOTHZRSWg4OXoxS21oREw3Yk1RR0JuT2pjcFpsb3pma2o4bmdrcjZYMHN5MDVoSkRJVE1CLQ?oc=5&hl=en-US&gl=US&ceid=US:en,
R010,2025-12-31,US_JOBLESS_CLAIMS,"U.S. weekly jobless claims fall unexpectedly even as labor market softness persists",https://www.reuters.com/world/us/us-weekly-jobless-claims-fall-1-month-low-2025-12-31/,T+1
R034,2025-12-31,USD_MARKET,"U.S. dollar ends year sharply lower amid mixed global currency and Fed policy signals",https://www.reuters.com/world/asia-pacific/dollar-dismal-yen-muted-2025-euro-sterling-shine-2025-12-31/,T+1
Auto_16,2026-01-01,US Stock Market,"Stock Market News, Dec. 31, 2025: Silver Prices Slide; Dow Inches Lower to End 2025 - The Wall Street Journal (The Wall Street Journal)",https://news.google.com/rss/articles/CBMijANBVV95cUxQYmJoVUYtZFNCMG5QYkJSR3NhbmxoNGkzOVBldXBGNHZIeWU2VnlJQjNBbWYwa2ZyQmtjYTBuUWJVZFBfd3NuTDdMUEFtWEFPUFBrVnBwNThYVjg2RzdBdWZBV2dtQk1QdGxNNjJnQnRia2VIdldNSVh6Qld5TDY4R1dIMTJBLUZTWlRkMzVuRmFiYzc0QXptYWZ2Z3NiZmJxZ21oSUIwSXdaTC1ua2RkVEVRVHpYUkdYSHh3REU4Zm1SWFJvNmNvZHlnX1RoMWtPR0hpU3JwaU85azVTdVpjSE5IMGktdlRGeUFBWXdsOGlzY0tGV2RvQjVuZUZXUjB1Ny1jMmVSOGg2OFlHb3FTa0tIN1dzQjloS2hXU25yN2Vyd1NwSkYtNGN3cVFNM1BLTnJBbnFJU3g1TV9DNERLcHZMSFEtZE53aWQydHZPa01GRXdZRnNUU3FabkRCLVRvb2NOWDE4aEt4YVZhQWR3Rm1fVTJoYWlrREdOMHl6bkhmakNDb2dNcThMakg?oc=5&hl=en-US&gl=US&ceid=US:en,
Auto_28,2026-01-01,US Stock Market,Dow Jones Futures: Stock Market Rally Had Strong 2025; Tesla Delivery Beat? - Investor's Business Daily (Investor's Business Daily),https://news.google.com/rss/articles/CBMimQFBVV95cUxOQ3YtZDhVbHlHdkpObWR4UFV3Z29tM05vdlB3a2FudnQxTUlrdERmTVB0aV95S1h6RWdHV05wTTRQeXZaazR2Z21jR01lYkVQTVN4N3lYdmZlbmNlbmN1R0lqYnhJcW95dm92RldXbGR1VHRsOWVTTUp1RUV3cjQ3aVd0RFF1c0F5ZzZ2dl9sTTVoRTV6QWp2dw?oc=5&hl=en-US&gl=US&ceid=US:en,
Auto_39,2026-01-01,Federal Reserve,How Bitcoin Fits Into The History Of The Federal Reserve - Forbes (Forbes),https://news.google.com/rss/articles/CBMisAFBVV95cUxNOG0tbDJZeTVNTFVHa1BxVkpFMWphOUhXSDFMeXRRUUluM3pzUU5GcDlUbWNrRklGckFTMVh0dlFpZDBzS1k5MlNVVGFVQVNCQkxicVpVbWg3dXFSNWJGZk5wZFJfa1BrU3RyU05XMVhJNDdhMWlyZkZsYzNINDZhVkVGRWg2MEJDTVJhNG8ta3RJOXZYSkdLZXhOWkU1WUgyalB1T2VWS2NyWjl0MWw1cg?oc=5&hl=en-US&gl=US&ceid=US:en,
Auto_05,2026-01-02,Apple AAPL,Is It Time To Reduce Exposure To Apple Stock? - Forbes (Forbes),https://news.google.com/rss/articles/CBMipgFBVV95cUxOSVdjVmZ1THRxYUZ4ckp2bjUxVkRTZHRCSnZxSWNSSVNvYnVYdVNyWkhCUWU3Wk1vRUpkOFo3Ums1MW1NSnh1cXVKazhUT2xSaFZCS2VFN0t4MUlXbldwWFFTb2RCdldHUFB4TWtjRFZzaV9PaG9pWnNnWU5sYUhUZkstNFhISGpqcFY5YzVOY1BiejBmMUw1VUNCZC1TV2EtSVBGVC1R?oc=5&hl=en-US&gl=US&ceid=US:en,
Auto_06,2026-01-02,Apple AAPL,"Raymond James downgrades Apple, says gains will be hard to come by in 2026 - CNBC (CNBC)",https://news.google.com/rss/articles/CBMirwFBVV95cUxQV29XS2l0bmVlRVZtdzYwVWdqdmY1bnQxSzlSd0hfS19RaGZPQ0NFU011cGlwWnZwR3ExWk9hTVV1MkRaMDEwdkpIcHRRQzJ0MWdkQ1BXSFJLZGt2Qld1UVFRanYtMlpVWmJGc1cxdElrZ1lGS0hORGRKaFFEdFZwcFc4cUpOYXdTY2t2ZGw3M25VanNFUTY2QUJtaGtYMnBkeGxodzVnaC0yQm81c29z?oc=5&hl=en-US&gl=US&ceid=US:en,
Auto_09,2026-01-02,US Stock Market,Nasdaq 100 Futures Rally in Lively Start to 2026: Markets Wrap - Bloomberg.com (Bloomberg.com),https://news.google.com/rss/articles/CBMitAFBVV95cUxQc09RR2J0cFZXa3JpUUVlMWxHRmRWamlVblNRT2RWQzAxeUdYbUZXYnFBNHJnSmhJOWFLTzRxOEV1RTJFYVpuYzBSaEY0d0RCNkh0ekg1YjN5bmhfZDFqcXlVRWlCY2tMVFpmdlU5Uk9fZDB1ZGEyV3lkTVVNTmdLbTJsWWJ3Q0lJM1lxLVhqQzQ5ZTZKLWxlVHpLRkUzX1B1YlJ3RjBWQ1l5RVNlTjNmWGI3QWg?oc=5&hl=en-US&gl=US&ceid=US:en,
Auto_13,2026-01-02,US Stock Market,S&P 500 closes higher on first trading day of 2026 as chip stocks offer small boost to the market - CNBC (CNBC),https://news.google.com/rss/articles/CBMid0FVX3lxTE9oclN1bEswUG9GY2hMTjVPMkhtbDl3VnV1WkhSTFZOcHdIMk9zMFJ3SHFpcTl6MU56d05CRVlDS0JHWjFKb2Y2U3J5dkRDNXFaMlpvNERQX3J2eVd1ZkRxRUFVSnN1ODVGa3dncGl4RzlNUmRDelE40gF8QVVfeXFMUE5YbHpkX3lTWlNoNW5FYWV6RVc4TDc4RzE5NzB1a01nUnJEbVdrRWgwVEphZjA2Mm5JYWRIYnpYZFlhb3RaTUxCUXhsS0lxSGJLTlg0M1RjbFNsRGFtbzJRSDQ0LVNRREo2QjQ0dnQyRU02cVo4Qm5HcVlhbg?oc=5&hl=en-US&gl=US&ceid=US:en,
Auto_24,2026-01-02,US Stock Market,Stock market today: S&P 500 opens higher to kick off 2026 trading - Yahoo Finance (Yahoo Finance),https://news.google.com/rss/articles/CBMiggFBVV95cUxNYzBvQ3A1d0d0TEc4LWlWNE1WTDN1RVVzU241aXl0R2J3M1dYMGk0VzVTSXlQeUtTbkNqSWV2d1p0ZlZpSnJ3Wl9fQTRlRWd1NVV3b2lEblBfM3Z0RkdZcEFjS215ZHFGWHpGR0Z0QjF5Z1J5czdsS1dUVm94VHV3?oc=5&hl=en-US&gl=US&ceid=US:en,
Auto_26,2026-01-02,US Stock Market,S&P 500, Nasdaq start 2026 higher as tech, chips gain - Reuters (Reuters),https://news.google.com/rss/articles/CBMioAFBVV95cUxPeVNjQnNPTGZJcVVZRVBvY3N5XzZ3T0Fud0d0Tkh0YlE1aWl2dGlrQnhJbV9sY0s5MGhQNWZpNVNMMWpkd3Z3bm9wS0o1M1o5emF6N05vX1F0WFRrUExUOTJ6S0YwbWRoWjhyZ2p2NURiMHVkU1YxZExyZlItZmF2R09lU1o2aXBya2dZSkVvY3I3emVpajd3emFwX3Vv?oc=5&hl=en-US&gl=US&ceid=US:en,
Auto_34,2026-01-02,US Stock Market,Stock Market Today: Dow, S&P 500, Nasdaq Open Higher to Kick Off 2026 - Investopedia (Investopedia),https://news.google.com/rss/articles/CBMie0FVX3lxTE53cW1TNDVjS0RjUlpjS0hUeHljMmlMREhZc1N3N1I5SkxMZE1QclFZZmVxcl93U3NqSEt4aUpDWHp2YVpHcnZ4Y3h2N2J3Q1h5clIyRklvMWU0a2lXUFNxQ3R1X0d6T2J0Y2h5aXh6X19hWk1hY0c5WQ?oc=5&hl=en-US&gl=US&ceid=US:en,
Auto_37,2026-01-02,US Stock Market,Dow Jones Today: Stocks Rise To Start 2026; Tesla Stock Slips On Delivery Miss - Investor's Business Daily (Investor's Business Daily),https://news.google.com/rss/articles/CBMilwFBVV95cUxQbm00ajQzNWk0Q2R5c1pIbm1pYjZ6aW5rYjY2dWh0UjJ4aFVwM091dkY1S3U0aUtJRGZkM3B0RzdnSlI3WURrNW1aRW9mNlluRVd4akRURDNhRUlxS0h4Rkl2b3Bfcnk5V1I1Q1h6MFljN21jRE1pYllCczd6TVB1OVZkbFphbkxHNDdtOElvbmV0?oc=5&hl=en-US&gl=US&ceid=US:en,
Auto_04,2026-01-05,NVIDIA NVDA,Why chip stocks are extending their gains ahead of Nvidia’s CES speech - MarketWatch (MarketWatch),https://news.google.com/rss/articles/CBMitwNBVV95cUxQdzFPTkdyNUJnMEZLLUcteEtxOHZmVjV0Q0taVVVxeE1HbW9HMldkdDR5U2hFNnBZRXBlMTFVVDVqQVBqQzJqSnZKbG5zaDZuQXZvajBERDAzeHVyOExCM092UEV3dHJ1U2pMWVNFUXpHNmJRaW1IcmJrd0Exa0pIZHY4aWd1LThFRjJGVUo5MHdQcnYtRy1uNU4yaTY4Z0FyeHk0bnFQOFFrQ0Z5RUhUYjU5dlR1NTA3LTUycm12dVVZdGVDNlVkcGYxNnphZmNkTzZBcUpCSG5wbVk1OGxpNE9neDVyNER2LVdDcmc1NkRjc2t6d3FSWDJHOEl5dmNfbHdwcHNZY0xjSUtJMW0xRGlYWmk2WmNfZzhSbUR3VUY1UThxdTRsSHBWbWZLT19oVHFjWmhkN1NxVlVrQ1kxdU41WDliSGdfU3d6YWx5R3NibHppVm5ROE00bXpLcGxTWWwtTmRLaC1mM29DYm05TC1HbUt3YVZJNnFuTElZaGFWdHpsbGlHRzRjWk5kdVY3ZW05VHIwM2txRnBhcENIaFJJYkxxMl9ZMXdIZHgxbXNzQVBfUlY0?oc=5&hl=en-US&gl=US&ceid=US:en,
Auto_12,2026-01-05,US Stock Market,Dow jumps nearly 600 points to close at a record as markets rally after U.S.-Venezuela action: Live updates - CNBC (CNBC),https://news.google.com/rss/articles/CBMid0FVX3lxTE1uUFFaZ1o1dGFvSnozZ21TN21fVzExNmRGQzBJWElkWjU5TTBBLVVySzZHc2xqelVFZnpoU05VV1VrdGI1bzBYT2w0TTN6a0RTeG03Mk42U3F0OVpKUVM2OUpnMWpWT2Z3dE94U3lRamV3MUNINkEw0gF8QVVfeXFMTnMzV1JaNEJpbUQ5Z2tGTzlObm4yN2o1VHYwT2J1YkVRdVp2TUF4SVRYbHVnWkhxV0FqUFB3Y21aU2JSd3FJV00wNnJBR0hTWHdDX0Rrbk9zZ0lFcUxNN0ZpeV9ONHZqQlpQczJ3b250c0ZJTm45SWMwX3VfdA?oc=5&hl=en-US&gl=US&ceid=US:en,
Auto_17,2026-01-05,US Stock Market,"Stock Market News, Jan. 5, 2026: Dow Jumps to Record After U.S. Captures Venezuela’s Maduro - The Wall Street Journal (The Wall Street Journal)",https://news.google.com/rss/articles/CBMijANBVV95cUxNb1J1UVJWUXNFbVRQdERPdEFPeU9TaWhxZGFHMGs3TVoyRGdWZHVGWXREX2FzSHE2dU9XbDBaRUVoZEkyT1lyVUVNbHdFNkk0b2hFRUw0N2ZMeDJRaV9UTmwtT2VodFV0OWR5ZnpEdndhVmRWV2c3ZDc3ME1SMmxlM0hGYmplTE9kSDVnNmxoQl83dHE1SjBmR1RxTlMxUU9CQzNaX2tuODZWOXktNWVLbFVBM3M4QjBRbXM1cFFNVzBoNlNnNE0tTW1vakNwa2pwclZFVDBpTDdpU2JzUk5nUnhtQ1NzV2poZW1YUW1fU25FdGY1WHBiTHBETlVaUGtKRHE4OGdlaGhQQ3JzVURrU0Q0ZzlNX1pwZWI5YWtoOFRRSkhQbmsxbndUVFlpeUJyVmt6dG90Sk50TXN4emFJNDR6MV9FYml4RHBYQUw1SktXZVlLa2MwOXRQUldvZHVZNnFjSTN1aVBGY1Q4b0FWcjNYWld3el9DVXZnZDVkeGxkTzdDMWxvQW1xMlU?oc=5&hl=en-US&gl=US&ceid=US:en,
Auto_18,2026-01-05,US Stock Market,U.S. stocks show little reaction to Trump's extraordinary Venezuela action. Why investors see a bull case - CNBC (CNBC),https://news.google.com/rss/articles/CBMi1AFBVV95cUxPb2JDM2ZSdnpJMUdTQ2FfdEhRUGtueFVMYXpJUE1NODhjSEFQMHNKRHVCNzNPb2J3SXVaa0ZmRTB4ZUFUZ0tXT3hlMVU4ZVdPcHdHa1ZCUklBNklGemJCejdkLWFTYnlyaW9zb1FSeGVkRjl1c1hGYy1CWmxMdGRqVGJZR0x3TDl6OGdaRnduc0pvRVBZU1JQQTVyLVFUNnBQaktCWFdUQWM0UWxmcTI1RXNUc1JkQzBfcGNRWWcxZFFwaGNsM01EeC11b2doTFRnbmE0eNIB2gFBVV95cUxPUkdxRjNfcnI2VFVuUS1BRlVDV3ExeXhhdENsSnV2S190dV9qMmdpczNGYUhhc0pFNWpkREJsM2l5N3JjUGR1bk84SWVERGJBWXBIQlJraGJfS2xQZDNvb00zaGIwbjczMTBpcFR4M3hHbXpBNTA4RXNGM0xLQmc0U0tuNFo3SXczNi1Bd052Sk15WmZVS2dxZ2c0VDhmS2gyY25iZ1E3dU1IMXI1STVOdDV2eEVxcTN5SEl2OE5jQ3Q2RzA0d3ppSWpsZUpFcE1IRVg4MGlUMG85QQ?oc=5&hl=en-US&gl=US&ceid=US:en,
Auto_20,2026-01-05,US Stock Market,Dow Jumps to Record After U.S. Captures Venezuela’s Maduro - The Wall Street Journal (The Wall Street Journal),https://news.google.com/rss/articles/CBMimgFBVV95cUxNY2M5eGpoXzJ4Njh1eENWdk5lTzNkN253VlJSM3Z6X0w1c19tMEl1emQzX3Y1Y2dKMXZIdHhWNDkwZmVvVEV1NmxJd1d3c01rZFR2c3N4bHlzM0dDQXl0OXR1X1R0a2R6QzltV1B3S3MyZXZUUkVnS1YwUGw5UVdrUEdxXzExX0d2VndvdmxTSm1qU0d3?oc=5&hl=en-US&gl=US&ceid=US:en,
Auto_23,2026-01-05,US Stock Market,Stock market today: Dow closes at record high as Wall Street shakes off geopolitical headlines - Yahoo Finance (Yahoo Finance),https://news.google.com/rss/articles/CBMiiAFBVV95cUxOczF5NVJUZl9nZ09hLW1kQ2VzT0NnQ1l2Z2Q0bDJ5SjF6U2dUb2JvYnNPM3ZpWk55Q051ZzM2RE45VjV4aTdpb3hQY085eXNDT212YklWZEpQbkM1a3lKdVhpdHk5TXZUcnU2em0tS2dUV0dfMGxIdnh4c3Z4Z3NfU29LcGg?oc=5&hl=en-US&gl=US&ceid=US:en,
Auto_27,2026-01-05,US Stock Market,Dow Jones Soars To Record High As Tesla Stock Jumps On This; Nvidia Rival AMD Dives At CES 2026 - Investor's Business Daily (Investor's Business Daily),https://news.google.com/rss/articles/CBMimQFBVV95cUxQbmI2RWl6eDltS2xJMG9fX3VvTUpXdzJzX2Nmb3A4czh3R0xIYXp4U0V6dF9oUjZlWWhlV0t2SjN2b2Z6U0p3Y1lkc2k0SzhwM214a1VwZUpZejFqZ1B0N1pQakRCRG1uR1F2Nl9oM05XNFN3a2c5X3hPNTJ2d3JtV0g1U2p2Y3R6Z3d5R3BvR2Zfd2ZqUUk?oc=5&hl=en-US&gl=US&ceid=US:en,
Auto_29,2026-01-05,US Stock Market,"S&P 500 ends lower as materials, energy stocks weigh; Dow hits record high - Reuters (Reuters)",https://news.google.com/rss/articles/CBMipAFBVV95cUxQSmJ0X295S21KTHJmSzIySm5jN29zSVZ4M3J0cjV6bmhQc0RjR3B4Y21KdVlJRG1YUVZfdElVd01kclFkMEZzSE5XSGhTbzRzWHB3d1d1VkE2V29fSWlGUGN3bXJQUVhsWnNpTkZ5T0xyZ1J6Y1h2MndkRWdEVXU0S0pXWlViSnpfOEViQ1V6S09fV00wR2Z0RzJCVXFjYjlqVGl4?oc=5&hl=en-US&gl=US&ceid=US:en,
Auto_30,2026-01-05,US Stock Market,Dow closes at record high; Nvidia and tech stocks lift S&P 500 and Nasdaq - Yahoo Finance (Yahoo Finance),https://news.google.com/rss/articles/CBMiiAFBVV95cUxQZ1YycW1yYkt2bVR2YUVpZ0p6XzBBRzQzR3V6bk9rU3Z0cWtoOWl2c0NxbXNrc1BqMndhRXZqakd3VXZ3SDBzSnQ5bWR5RVFzUnp5TmlwSnY0LVJ3NWdDTEZ4WkZ4Tk11X2R0eW0zOGd3R190VjVpQ1Z3SllzU2Q3UnZ1NFB1?oc=5&hl=en-US&gl=US&ceid=US:en,
Auto_33,2026-01-05,US Stock Market,Stock Market Today: Dow Ends at Record High; S&P 500, Nasdaq Slip - Investopedia (Investopedia),https://news.google.com/rss/articles/CBMicEFVX3lxTE94TnhuSE15X1M3YUR3MDRmQ1RzU0V2YjJtdFp4b29wS29mNkN3SWs3R2x2Ym5lQ2VzT0NfaWJLV2E1V0JjVE9kWWQ2dFF4czl6ZVRrT1dTVXZmSHd3ckZqZllrbTlvYjF5eFl6YjN2?oc=5&hl=en-US&gl=US&ceid=US:en,
Auto_35,2026-01-05,US Stock Market,Dow hits record high, S&P 500 and Nasdaq dip as investors weigh US-Venezuela news - Yahoo Finance (Yahoo Finance),https://news.google.com/rss/articles/CBMiiAFBVV95cUxQUW50ZTZkY3J6R3h5MG91V3JzMWFmR1o0X0hVd3k0OWZrb1FSMTR5R0tObW41dm9rTXlQYm16anQ1UHV1eThRMWozN3NNV3d4aW55akx2M1h4RWlyY2hXSHlDQUxLWHZ0T0l6eG9hVzE4ajh0NVVpOGtZSkZfQkVfdHdrWnBv?oc=5&hl=en-US&gl=US&ceid=US:en,
Auto_36,2026-01-05,US Stock Market,Stock Market Today: Dow hits record high as Wall Street shakes off geopolitical headlines - Yahoo Finance (Yahoo Finance),https://news.google.com/rss/articles/CBMiiAFBVV95cUxQT2tZbk54RVZ1TVdKbjVfQUlfdU5pQWdfU3A0X2ZtMGl5eU9rUzlZb3ltam51c0tqZ250Qzl4R2xJb1cxeDBsSkM1TVZqZ0ZqSVY4R0pIVlZ0S3hQUktfcl93c09qRE42QnFXTkF4d1dFZmkySVVfTkJjTXZWcE5YQnJzMHk5?oc=5&hl=en-US&gl=US&ceid=US:en,
Auto_42,2026-01-05,S&P 500,Stock Market News, Jan. 5, 2026: Dow scores fresh record close; Chevron stock soars after Venezuela operation; gold and silver climb - MarketWatch (MarketWatch),https://news.google.com/rss/articles/CBMixgNBVV95cUxNSnRscGdJTE9uSmxBaTQzbkRZVTBlS2Nnc1h2NWNtcTFwOXhxOEYxaTZtT2x6ODM4TjlwYVF3VFAtV1dMMEJ6VDVYMEE2VFlBUVJMMzNSWDd6ZG9oWmd1VGVzUGdFdDhlYU9BQW16LWNiZk80aWplbVZDbVV1NUc4Z3IzdVdrZVJqY0tvd3ptN0ZfWGhFcU92MVJwZDdLcUszTlF0VDVyQ2hRSHdaeHdIcUV2eVlrQ18wYkdIWURoaE1qd250SGdjRElSNldPZ2RHU2dzQWpwWmJqb0U0QzhpX1c2SlYzbmtVVXd3OTMxdDl2MXg1dmpZQjJfbktYYWtzVTVGSlExZHFmZjRkdzkyQWRiSFB2V3RzRWlWeHJiM3VNOTBlcXpYOW5GMTJJZnZ3elFvLXlkUkF4bE1WRmh5MWhVVTl6SWpDNjMxRVYtOXNJZ2ZXOS1FbEU4VWt5dWdTYUQ4LXlqZ2pBemZCeDhrS2NyTWg0bW5UMnBydWJFXzY2WF94ZUpXS3h6b2tmYlUtZzU0UFhUR3dOaG5rc1cyY3JtbWxYNnZYUlJxRTktQ1AwT2JkZUpFeU5Qa0xpUDQtck1HYWhn?oc=5&hl=en-US&gl=US&ceid=US:en,
Auto_43,2026-01-05,S&P 500,Stock Market News, Jan. 5, 2026: Dow Jumps to Record After U.S. Captures Venezuela’s Maduro - The Wall Street Journal (The Wall Street Journal),https://news.google.com/rss/articles/CBMijANBVV95cUxNb1J1UVJWUXNFbVRQdERPdEFPeU9TaWhxZGFHMGs3TVoyRGdWZHVGWXREX2FzSHE2dU9XbDBaRUVoZEkyT1lyVUVNbHdFNkk0b2hFRUw0N2ZMeDJRaV9UTmwtT2VodFV0OWR5ZnpEdndhVmRWV2c3ZDc3ME1SMmxlM0hGYmplTE9kSDVnNmxoQl83dHE1SjBmR1RxTlMxUU9CQzNaX2tuODZWOXktNWVLbFVBM3M4QjBRbXM1cFFNVzBoNlNnNE0tTW1vakNwa2pwclZFVDBpTDdpU2JzUk5nUnhtQ1NzV2poZW1YUW1fU25FdGY1WHBiTHBETlVaUGtKRHE4OGdlaGhQQ3JzVURrU0Q0ZzlNX1pwZWI5YWtoOFRRSkhQbmsxbndUVFlpeUJyVmt6dG90Sk50TXN4emFJNDR6MV9FYml4RHBYQUw1SktXZVlLa2MwOXRQUldvZHVZNnFjSTN1aVBGY1Q4b0FWcjNYWld3el9DVXZnZDVkeGxkTzdDMWxvQW1xMlU?oc=5&hl=en-US&gl=US&ceid=US:en,
Auto_02,2026-01-05,NVIDIA NVDA,"Nvidia wants to power robotaxi fleets with chips, software by 2027 - CNBC (CNBC)",https://news.google.com/rss/articles/CBMiqAFBVV95cUxNQjdrYTR4RFVQcW5nMk80TnV4M09LRW10UjY5bUd1YWp3cHR3djRicGlTZ1dNeWluQ0V1Z3J3MWQ2MUpmNWhUQ1Ntd296cXhET1BWOS1NZ3VIU2s1MkpLYnNUdDJyaGFTNVZRMVc3Ml9Id2V5dnFfUDMtM1FZbjFMTjRHdG1DM1l3STBvUU9xc2tPanBtd2t4eVJ5Q2pqRFJFSWVTMTRnRUjSAa4BQVVfeXFMTjJxU29RX3B2ZUVlWU1OUUd3cFg3aEVHUld0ZW82bFcxektJWElEWjIwdTZoOWpTRU9IRl9rMFE4dzd2ekFlWUR3TFUzNzBvd3V0NkVDTzE5X1JEOFRYMEhoTFJUdTdOTllBZTc0YW0xLS14QVVLTk9fbTJHTzdyN3haeXc3RTBYbnBzN2dXLTdXRy1mTzI5d0VIREdNSjhXSlNXZmQ5aXY4aUg5RTBn?oc=5&hl=en-US&gl=US&ceid=US:en,
Auto_03,2026-01-06,NVIDIA NVDA,Nvidia Unveils Faster AI Chips Sooner Than Expected - The Wall Street Journal (The Wall Street Journal),https://news.google.com/rss/articles/CBMilwNBVV95cUxOZW5kZ1ItSHJScXQzcGZHcVRnNzFvdEQ0NE1rZnlhMFNENm04dEF3WWFjWjQzRHhQV3Jwb0VwMGtnMEFnTm0yQkJzdTYyZE9vNUhEeUVDem9MSmhUbHhiNlc0UDAybjBRM0QzMlJwVnBVVHpsc3pRNi1ydWJucW4zTnk0QzB0a1BDZnAtRU4wTC1HT0tGTWd4TFg2TUxrU1JSelg3OGNmV0lmZEIxV0tSYjRKMEg1UW54QWktZUJkS1ZfV1JyOTVCLUc2TVV3QnMzRElKNHZjTVdZVFM4dXJVNjdtaVpaWDRGWXBod2tyOUhRRWRUVk9iVDB1MHBhVFZ2NGNuOURodGJqcHBlckhXVC1XYkFCaUE3V1VGdWEzVm00a2dqMzFtekZhXzNmY05RSHN4aWRIcTJxMG5VVTI4ejlKbkZVU3pkQUNlUG90WGRLQUNzUlVqcEtjakhyLWNndXYxOGhIbWhjQVYtV29TTzhpamJsUkhjTmExUWhLaHhaeTNxUHNaRWNkYkw1WjdRMTREdFJacw?oc=5&hl=en-US&gl=US&ceid=US:en,
Auto_15,2026-01-06,US Stock Market,Stock futures are little changed after Dow rises to record on U.S.’ capture of Venezuela leader: Live updates - CNBC (CNBC),https://news.google.com/rss/articles/CBMid0FVX3lxTE4yR3pnOFhtYk8xN05rb0xpVmpFMmNiSmVOQWFVV2QzckdfMVNScnNuS2ZYT1lnX0RFY1dFS3hKYUJxMGtPQkdFdDZIamxEeHFyOFM2MDdMd2Zldzc3bUNHblJUWksxb1Bldnhwd0NUbkNJNzZENnhv0gF8QVVfeXFMT2ZJbHdHZzk3akVyeVktZ0RrTmNaQmhZei1oWU5XejZsYXF5ZjBMb25TWTYwclN2TVZmR2hHcE92UF9UQl81QWNWc3VMR3F2a1JmWGVULUVEQ0hQaG5ock14MWxVZTRUVnRPR1BRWnUybWFpT1BkcEhNOC1wZw?oc=5&hl=en-US&gl=US&ceid=US:en,
Auto_21,2026-01-06,US Stock Market,Stock market today: US futures flat after Dow closes at record high - Yahoo Finance (Yahoo Finance),https://news.google.com/rss/articles/CBMiiAFBVV95cUxOWnNud2Z6dE5aY2lZUG0wQTVYcDR3d3hyWjN6M0E0Yy1nQzR2dkxPVXFzTVV1ZTRtOW9rQmV2cEdwY2J0UGFPMDFhMTRhMExYV2s3YVlZdm5RMXo3Y3dCQW5rUVF2d0JvSEpDajFjbmF5ZUpzQWozbl9hY0FvQ0Z1U0dmd29p?oc=5&hl=en-US&gl=US&ceid=US:en,
Auto_32,2026-01-06,US Stock Market,Stock market today: Dow futures rise while S&P 500 and Nasdaq futures slip - Yahoo Finance (Yahoo Finance),